Device:,footpedal,,,,,,,,,,,,
Version:,1,,,,,,,,,,,,
Last Updated:,2025-11-05,,,,,,,,,,,,
,,,,,,,,Total filament (g),,Unit Cost,Total Estimated Cost,Build Cost,
,,,,,,,,103,, $14.07 , $40.47 ,,
ID,Commercial Parts,,,,,,,,, $4.80 , $8.00 ,,
,Part,Description,,Manufacturer,Supplier,QTY / Device,QTY / PKG,PKGs,$/ PKG,$ / Device,Total Estimated Cost,,Link
,Button 13X13,13X13 momentary push button,,,,1,20,2025-01-20,10.69, ~$0.50, $10.69,,https://www.amazon.ca/20pcs-Momentary-Tactile-Button-Switch/dp/B008DGA9UY?dib=eyJ2IjoiMSJ9.cTLk8f_INBimcsgZsRuvC4rRKlgPjg4jyRJr9ozlb20LkzRnAUMKKj577Wye1qudqpbjdxum1nTpveNRvcgTtcBYJtd2zSwZZ0XtEnhjfXzsqROVOVdKueN9efk7DIRQFwv6AMtn7mT_IQ0xXIiBB-LM6viC_4pMmWWtux299e_KauMdo2mj2W8miq6kIeunvpnA1erjJBU0rUSccsIARVInIKVyv94nQC4fWg8LkW77NK89EzeL9vMlNIixNTEesAtMToWJ1wDmPplYWYoTdx6TUe1xDweKKs7Cr1ojcss.TXgbnDXYol1tpWZtbGakQ4gSHAWB2AkvqRC1Ktf3-OA&dib_tag=se&keywords=breadboard+button&qid=1763757404&sr=8-20
,,,,,,,,0,, $-   , $-   ,,
,,,,,,,,0,, $-   , $-   ,,
,,,,,,,,0,, $-   , $-   ,,
,,,,,,,,0,, $-   , $-   ,,
,,,,,,,,,,,,,
,3D Printed Parts,,,,,,,124,, $3.47 , $3.47 ,,
,Part,Description,Filament Type,Filament,Color,QTY / Device,Mass (g) / Part,Total Mass,$ / kg,$ / Device,Total Estimated Cost,,Link
,,,PLA,,Any,2,19,38, $25.00 , $0.95 , $0.95 ,,
,,,,,,,,,,,,,
,,,,,,,,0,, $-   , $-   ,,
,,,,,,,,0,, $-   , $-   ,,
,,,,,,,,0,, $-   , $-   ,,
,,,,,,,,0,, $-   , $-   ,,
,,,,,,,,0,, $-   , $-   ,,
,,,,,,,,0,, $-   , $-   ,,
,,,,,,,,,,,,,
,,,,,,,,,,,,,
,,,,,,,,,,,,,
,,,,,,,,,,,,,
,,,,,,,,,,,,,
,,,,,,,,,,,,,
,,,,,,,,,,,,,
,,,,,,,,,,,,,
,,,,,,,,,,,,,
,,,,,,,,,,,,,
,,,,,,,,,,,,,
,,,,,,,,,,,,,
,,,,,,,,,,,,,
,,,,,,,,,,,,,
,Alternatives,,,,,,,,,,,,
,Part,Description,,Manufacturer,Supplier,QTY / Device,QTY / PKG,PKGs,$/ PKG,$ / Device,Total Estimated Cost,,Link
